{
  "name": "botanico_island_o",
  "assets": [
    {
      "file": "o.png",
      "type": "root",
      "colors": [
        "#E14768",
        "#73B4DA",
        "#F5C2CD"
      ],
      "z_index": 0
    },
    {
      "file": "outline.png",
      "type": "root",
      "colors": [],
      "z_index": 0
    },
    {
      "file": "head.png",
      "type": "root",
      "colors": [
        "#E8758E",
        "#0076BB"
      ],
      "z_index": 1
    },
    {
      "file": "head-outline.png",
      "type": "root",
      "colors": [],
      "z_index": 1
    },
    {
      "type": "mouth",
      "items": [
        {
          "file": "mouth_1.png",
          "colors": [],
          "weight": 50
        },
        {
          "file": "mouth_2.png",
          "colors": [],
          "weight": 13
        },
        {
          "file": "mouth_3.png",
          "colors": [],
          "weight": 5
        },
        {
          "file": "mouth_4.png",
          "colors": [],
          "weight": 20
        },
        {
          "file": "mouth_5.png",
          "colors": [],
          "weight": 10
        },
        {
          "file": "mouth_6.png",
          "colors": [],
          "weight": 2
        }
      ],
      "z_index": 2
    },
    {
      "file": "hair_1.png",
      "colors": [],
      "type": "hair",
      "z_index": 2
    },
    {
      "file": "hair_2a.png",
      "colors": [],
      "type": "hair",
      "z_index": 2
    },
    {
      "file": "hair_2b.png",
      "colors": [],
      "type": "hair",
      "z_index": 0
    },
    {
      "file": "glasses.png",
      "colors": [],
      "type": "accessory",
      "z_index": 2
    }
  ]
}